{"cameraMode":{"drawMode":0,"name":"Shaded","section":"Shading Mode"},"sceneLighting":true,"audioPlay":false,"sceneViewState":{"showFog":true,"showMaterialUpdate":false,"showSkybox":true,"showFlares":true,"showImageEffects":true,"showParticleSystems":true},"in2DMode":false,"pivot":{"x":6.498767852783203,"y":1.6761689186096192,"z":15.94748592376709},"rotation":{"x":-0.13934990763664246,"y":-0.008320491760969162,"z":0.001170905539765954,"w":-0.9902076125144959},"size":10.0,"orthographic":false}